ID,RA,DEC,RA_1,DEC_1,RA_2,DEC_2,Name,ID_FDS2022,Morph_Legacy_Analia,Vr_NED/Maddox,e_Vr,Vr_Ref,Ag,Ar,Ai,Az
2,03:11:27,-33:25:02,47.8625,-33.41722222222222,0.0,0.0,FCC_1,-,LSB,0.0,0.0,-,0.059,0.041,0.03,0.022
7x,03:17:42,-37:08:39,49.425,-37.14416666666666,0.0,0.0,FCC_4,-,LSB,0.0,0.0,-,0.081,0.056,0.041,0.031
12x,03:21:43,-35:55:30,50.42916666666667,-35.925,0.0,0.0,FCC_16,-,LSB,0.0,0.0,-,0.076,0.053,0.039,0.029
13,03:22:06,-37:08:34,50.525,-37.14277777777779,0.0,0.0,-,-,LSB,0.0,0.0,-,0.066,0.046,0.034,0.025
26,03:23:13,-37:08:22,50.80416666666667,-37.13944444444445,0.0,0.0,-,-,LSB,0.0,0.0,-,0.07,0.048,0.036,0.027
28,03:23:27,-36:26:18,50.862500000000004,-36.43833333333333,0.0,0.0,-,-,LSB,0.0,0.0,-,0.063,0.044,0.033,0.024
31,03:23:31,-36:49:32,50.87916666666666,-36.82555555555555,0.0,0.0,-,-,LSB,0.0,0.0,-,0.067,0.046,0.034,0.026
14x,03:23:56,-34:48:27,50.98333333333334,-34.8075,0.0,0.0,FCC_27,-,LSB,0.0,0.0,-,0.035,0.024,0.018,0.013
7y,03:24:50,-34:36:12,51.209236316736,-34.60341483250637,0.0,0.0,LSBG_F358-071,-,LSB,0.0,0.0,-,0.035,0.024,0.018,0.013
50,03:25:22,-37:04:20,51.34166666666667,-37.07222222222222,0.0,0.0,-,-,LSB,0.0,0.0,-,0.068,0.047,0.035,0.026
52,03:25:32,-36:28:17,51.38333333333333,-36.47138888888889,0.0,0.0,-,-,LSB,0.0,0.0,-,0.042,0.029,0.022,0.016
57,03:26:00,-36:23:52,51.5,-36.39777777777778,0.0,0.0,-,-,LSB,0.0,0.0,-,0.041,0.028,0.021,0.016
58,03:26:01,-36:47:40,51.50416666666666,-36.794444444444444,0.0,0.0,NGFS_J032601-364740,-,LSB,0.0,0.0,-,0.054,0.037,0.028,0.021
59,03:26:01,-36:42:23,51.50416666666666,-36.70638888888889,51.5055,-36.7063,NGFS_J032601-364224,FDSLSB71,LSB,0.0,0.0,-,0.046,0.032,0.024,0.017
67,03:26:36,-37:18:55,51.65,-37.31527777777778,0.0,0.0,-,-,LSB,0.0,0.0,-,0.065,0.045,0.034,0.025
69,03:26:38,-36:48:43,51.65833333333333,-36.81194444444444,0.0,0.0,NGFS_J032638-364843,-,LSB,0.0,0.0,-,0.048,0.033,0.025,0.018
73,03:26:53,-36:47:57,51.72083333333333,-36.799166666666665,0.0,0.0,FCC_51,-,LSB,0.0,0.0,-,0.044,0.031,0.023,0.017
76,03:26:54,-33:56:45,51.725,-33.94583333333333,0.0,0.0,-,-,LSB,0.0,0.0,-,0.035,0.024,0.018,0.013
77,03:26:56,-37:32:52,51.733333333333334,-37.54777777777778,0.0,0.0,FCC_B435,-,LSB,0.0,0.0,-,0.07,0.049,0.036,0.027
80,03:27:08,-35:08:04,51.78333333333334,-35.13444444444445,51.7815,-35.1349,NGFS_J032708-350805,FDSLSB205,LSB,0.0,0.0,-,0.045,0.031,0.023,0.017
81,03:27:08,-34:24:00,51.78333333333334,-34.4,0.0,0.0,FCC_52,-,LSB,0.0,0.0,-,0.035,0.024,0.018,0.014
82,03:27:12,-37:03:45,51.8,-37.06250000000001,0.0,0.0,NGFS_J032712-370345,-,LSB,0.0,0.0,-,0.051,0.035,0.026,0.019
93,03:27:32,-35:14:59,51.883333333333326,-35.249722222222225,0.0,0.0,NGFS_J032733-351459,-,LSB,0.0,0.0,-,0.041,0.028,0.021,0.016
98,03:27:43,-35:43:37,51.92916666666667,-35.72694444444444,0.0,0.0,NGFS_J032743-354337,-,LSB,0.0,0.0,-,0.039,0.027,0.02,0.015
103,03:27:53,-34:50:36,51.97083333333333,-34.843333333333334,0.0,0.0,NGFS_J032753-345036,-,LSB,0.0,0.0,-,0.04,0.028,0.021,0.015
104,03:27:53,-35:04:07,51.97083333333333,-35.06861111111111,51.973,-35.0688,NGFS_J032753-350407,FDSLSB203,LSB,0.0,0.0,-,0.041,0.028,0.021,0.016
110,03:28:00,-35:04:45,52.0,-35.079166666666666,0.0,0.0,NGFS_J032800-350445,-,LSB,0.0,0.0,-,0.039,0.027,0.02,0.015
17x,03:28:00,-38:32:22,52.0,-38.53944444444444,0.0,0.0,FCC_64,-,LSB,0.0,0.0,-,0.06,0.041,0.031,0.023
111,03:28:01,-36:49:54,52.00416666666667,-36.83166666666666,0.0,0.0,NGFS_J032801-364954,-,LSB,0.0,0.0,-,0.04,0.028,0.021,0.015
114,03:28:09,-34:36:16,52.0375,-34.60444444444445,0.0,0.0,NGFS_J032810-343616,-,LSB,0.0,0.0,-,0.034,0.023,0.017,0.013
115,03:28:16,-35:32:16,52.06666666666667,-35.53777777777778,0.0,0.0,NGFS_J032816-353216,-,LSB,0.0,0.0,-,0.037,0.026,0.019,0.014
118,03:28:24,-35:45:46,52.099999999999994,-35.76277777777778,52.0993,-35.7632,NGFS_J032824-354547,FDSLSB204,LSB,0.0,0.0,-,0.039,0.027,0.02,0.015
119,03:28:24,-35:36:16,52.099999999999994,-35.60444444444445,0.0,0.0,NGFS_J032824-353616,-,LSB,0.0,0.0,-,0.037,0.025,0.019,0.014
122,03:28:35,-37:21:26,52.14583333333333,-37.35722222222222,0.0,0.0,NGFS_J032835-372126,-,LSB,0.0,0.0,-,0.051,0.035,0.026,0.019
123,03:28:41,-35:29:39,52.170833333333334,-35.494166666666665,0.0,0.0,NGFS_J032841-352939,-,LSB,0.0,0.0,-,0.042,0.029,0.022,0.016
124,03:28:43,-35:15:17,52.179166666666674,-35.25472222222222,0.0,0.0,NGFS_J032843-351517,-,LSB,0.0,0.0,-,0.046,0.032,0.024,0.018
128,03:28:51,-34:50:06,52.212500000000006,-34.835,0.0,0.0,-,-,LSB,0.0,0.0,-,0.042,0.029,0.021,0.016
130,03:28:54,-33:54:05,52.224999999999994,-33.90138888888889,0.0,0.0,NGFS_J032854-335405,-,LSB,0.0,0.0,-,0.04,0.028,0.021,0.015
131,03:28:57,-36:26:15,52.237500000000004,-36.4375,0.0,0.0,FCC_69,-,LSB,0.0,0.0,-,0.049,0.034,0.025,0.019
132,03:28:58,-37:05:51,52.24166666666666,-37.0975,0.0,0.0,NGFS_J032858-370551,-,LSB,0.0,0.0,-,0.037,0.026,0.019,0.014
134,03:29:04,-37:20:15,52.266666666666666,-37.3375,52.2679,-37.3374,NGFS_J032904-372016,FDSLSB91,LSB,0.0,0.0,-,0.047,0.033,0.024,0.018
135,03:29:07,-36:09:45,52.27916666666667,-36.1625,0.0,0.0,NGFS_J032907-360945,-,LSB,0.0,0.0,-,0.042,0.029,0.021,0.016
137,03:29:12,-36:19:35,52.300000000000004,-36.326388888888886,0.0,0.0,NGFS_J032912-361935,-,LSB,0.0,0.0,-,0.046,0.032,0.024,0.018
139,03:29:22,-34:29:24,52.34166666666667,-34.49,0.0,0.0,NGFS_J032922-342924,-,LSB,0.0,0.0,-,0.042,0.029,0.021,0.016
140,03:29:24,-33:21:33,52.35000000000001,-33.35916666666667,0.0,0.0,-,-,LSB,0.0,0.0,-,0.038,0.026,0.019,0.014
143,03:29:26,-35:36:15,52.358333333333334,-35.604166666666664,0.0,0.0,FCC_71,-,LSB,0.0,0.0,-,0.041,0.029,0.021,0.016
146,03:29:31,-34:24:08,52.37916666666667,-34.40222222222222,52.3776,-34.4024,NGFS_J032931-342408,FDSLSB184,LSB,0.0,0.0,-,0.036,0.025,0.018,0.014
147,03:29:32,-36:51:03,52.38333333333333,-36.850833333333334,0.0,0.0,NGFS_J032932-365104,-,LSB,0.0,0.0,-,0.042,0.029,0.021,0.016
148,03:29:33,-35:52:03,52.3875,-35.8675,0.0,0.0,FCC_72,-,LSB,0.0,0.0,-,0.045,0.031,0.023,0.017
149,03:29:34,-36:42:12,52.39166666666666,-36.70333333333333,0.0,0.0,FCC_73,-,LSB,0.0,0.0,-,0.043,0.03,0.022,0.017
150,03:29:38,-35:24:01,52.40833333333333,-35.40027777777779,0.0,0.0,FCC_75,-,LSB,0.0,0.0,-,0.042,0.029,0.022,0.016
155,03:29:45,-35:22:43,52.4375,-35.37861111111111,0.0,0.0,FCC_78,-,LSB,0.0,0.0,-,0.042,0.029,0.022,0.016
156,03:29:51,-36:23:49,52.4625,-36.39694444444444,52.4633,-36.3971,NGFS_J032951-362349,FDSLSB192,LSB,0.0,0.0,-,0.048,0.033,0.025,0.018
163,03:30:11,-35:20:46,52.545833333333334,-35.346111111111114,0.0,0.0,NGFS_J033011-352046,-,LSB,0.0,0.0,-,0.045,0.031,0.023,0.017
166,03:30:18,-35:04:31,52.575,-35.07527777777778,0.0,0.0,NGFS_J033018-350431,-,LSB,0.0,0.0,-,0.043,0.029,0.022,0.016
167,03:30:23,-36:13:31,52.59583333333334,-36.22527777777778,52.5953,-36.2247,NGFS_J033023-361331,FDSLSB188,LSB,0.0,0.0,-,0.042,0.029,0.022,0.016
173,03:30:34,-35:06:30,52.64166666666667,-35.108333333333334,0.0,0.0,NGFS_J033034-350630,-,LSB,0.0,0.0,-,0.042,0.029,0.022,0.016
176,03:30:39,-35:13:38,52.6625,-35.227222222222224,0.0,0.0,NGFS_J033039-351338,-,LSB,0.0,0.0,-,0.041,0.028,0.021,0.016
177,03:30:39,-36:29:10,52.6625,-36.486111111111114,0.0,0.0,NGFS_J033039-362910,-,LSB,0.0,0.0,-,0.039,0.027,0.02,0.015
183,03:30:53,-35:32:18,52.72083333333333,-35.538333333333334,0.0,0.0,NGFS_J033053-353218,-,LSB,0.0,0.0,-,0.045,0.031,0.023,0.017
184,03:30:56,-33:33:28,52.73333333333333,-33.55777777777778,0.0,0.0,FCC_87,-,LSB,0.0,0.0,-,0.042,0.029,0.021,0.016
185,03:30:57,-35:42:22,52.7375,-35.70611111111111,0.0,0.0,NGFS_J033057-354222,-,LSB,0.0,0.0,-,0.043,0.03,0.022,0.016
186,03:30:59,-34:41:36,52.74583333333333,-34.693333333333335,52.7456,-34.6933,NGFS_J033059-344136,FDSLSB183,LSB,0.0,0.0,-,0.039,0.027,0.02,0.015
187,03:31:01,-35:38:15,52.75416666666666,-35.6375,52.755,-35.6377,NGFS_J033101-353815,FDSLSB206,LSB,0.0,0.0,-,0.044,0.031,0.023,0.017
188,03:31:05,-34:08:41,52.770833333333336,-34.14472222222222,0.0,0.0,NGFS_J033105-340842,-,LSB,0.0,0.0,-,0.041,0.029,0.021,0.016
194,03:31:19,-35:09:55,52.829166666666666,-35.165277777777774,52.8304,-35.1651,NGFS_J033119-350955,FDSLSB59,LSB,0.0,0.0,-,0.055,0.038,0.028,0.021
195,03:31:21,-35:49:10,52.8375,-35.81944444444444,0.0,0.0,FCC_93,-,LSB,0.0,0.0,-,0.045,0.031,0.023,0.017
197,03:31:22,-37:36:49,52.84166666666667,-37.61361111111111,0.0,0.0,FCC_96,-,LSB,0.0,0.0,-,0.058,0.04,0.03,0.022
198,03:31:23,-34:58:17,52.84583333333333,-34.97138888888889,0.0,0.0,FCC_94,-,LSB,0.0,0.0,-,0.051,0.036,0.026,0.02
200,03:31:27,-36:05:45,52.862500000000004,-36.09583333333333,52.8611,-36.0963,NGFS_J033127-360545,FDSLSB241,LSB,0.0,0.0,-,0.035,0.024,0.018,0.013
203,03:31:39,-36:16:37,52.9125,-36.27694444444445,0.0,0.0,FCC_98,-,LSB,0.0,0.0,-,0.04,0.028,0.021,0.015
205,03:31:46,-36:16:44,52.94166666666667,-36.278888888888886,0.0,0.0,NGFS_J033146-361644,-,LSB,0.0,0.0,-,0.043,0.03,0.022,0.016
209,03:31:49,-35:34:59,52.95416666666667,-35.58305555555555,0.0,0.0,NGFS_J033149-353457,-,LSB,0.0,0.0,-,0.047,0.033,0.024,0.018
210,03:31:51,-34:50:50,52.9625,-34.84722222222222,52.9643,-34.8473,NGFS_J033151-345050,FDSLSB101,LSB,0.0,0.0,-,0.045,0.031,0.023,0.017
211,03:31:55,-36:18:59,52.97916666666667,-36.31638888888889,0.0,0.0,NGFS_J033155-361859,-,LSB,0.0,0.0,-,0.046,0.032,0.023,0.017
212,03:31:58,-35:37:19,52.99166666666667,-35.621944444444445,52.992,-35.6223,NGFS_J033158-353719,FDSLSB41,LSB,0.0,0.0,-,0.048,0.033,0.025,0.018
214,03:32:02,-36:22:59,53.00833333333333,-36.38305555555556,53.0112,-36.3821,NGFS_J033202-362259,FDSLSB243,LSB,0.0,0.0,-,0.044,0.031,0.023,0.017
216,03:32:06,-35:49:34,53.025000000000006,-35.82611111111111,53.0229,-35.8266,NGFS_J033205-354936,FDSLSB47,LSB,0.0,0.0,-,0.047,0.032,0.024,0.018
220,03:32:22,-35:24:22,53.09166666666667,-35.40611111111111,0.0,0.0,NGFS_J033222-352422,-,LSB,0.0,0.0,-,0.048,0.033,0.025,0.018
222,03:32:27,-35:46:31,53.112500000000004,-35.77527777777778,0.0,0.0,FCC_103,-,LSB,0.0,0.0,-,0.046,0.032,0.023,0.017
223,03:32:28,-35:06:45,53.11666666666667,-35.1125,0.0,0.0,NGFS_J033228-350645,-,LSB,0.0,0.0,-,0.048,0.033,0.025,0.019
224,03:32:30,-36:05:17,53.125,-36.088055555555556,0.0,0.0,FCC_105,-,LSB,0.0,0.0,-,0.041,0.029,0.021,0.016
226,03:32:32,-36:47:58,53.13333333333333,-36.79944444444445,53.1326,-36.799,NGFS_J033232-364758,FDSLSB240,LSB,0.0,0.0,-,0.041,0.029,0.021,0.016
228,03:32:39,-33:20:28,53.1625,-33.34111111111111,0.0,0.0,NGFS_J033239-332028,-,LSB,0.0,0.0,-,0.041,0.028,0.021,0.016
229,03:32:42,-33:03:18,53.175,-33.055,0.0,0.0,FLSBG_215,-,LSB,0.0,0.0,-,0.03,0.021,0.015,0.011
233,03:32:49,-35:56:45,53.20416666666667,-35.94583333333333,0.0,0.0,NGFS_J033248-355647,-,LSB,0.0,0.0,-,0.048,0.033,0.025,0.018
236,03:33:00,-34:19:09,53.24999999999999,-34.319166666666675,0.0,0.0,NGFS_J033300-341909,-,LSB,0.0,0.0,-,0.038,0.026,0.02,0.015
244,03:33:11,-35:39:56,53.295833333333334,-35.66555555555556,0.0,0.0,NGFS_J033311-353956,-,LSB,0.0,0.0,-,0.049,0.034,0.025,0.019
245,03:33:12,-35:02:06,53.3,-35.035,53.2988,-35.0358,NGFS_J033312-350208,FDSLSB37,LSB,0.0,0.0,-,0.048,0.033,0.025,0.018
247,03:33:14,-35:01:39,53.30833333333333,-35.0275,53.3099,-35.0282,NGFS_J033314-350139,FDSLSB49,LSB,0.0,0.0,-,0.047,0.033,0.024,0.018
248,03:33:15,-37:49:16,53.31250000000001,-37.82111111111111,0.0,0.0,FCC_117,-,LSB,0.0,0.0,-,0.062,0.043,0.032,0.024
249,03:33:16,-35:35:51,53.31666666666667,-35.5975,53.3168,-35.5975,NGFS_J033316-353551,FDSLSB57,LSB,0.0,0.0,-,0.047,0.032,0.024,0.018
250,03:33:16,-36:05:41,53.31666666666667,-36.09472222222223,0.0,0.0,NGFS_J033316-360541,-,LSB,0.0,0.0,-,0.068,0.047,0.035,0.026
251,03:33:18,-35:15:47,53.324999999999996,-35.26305555555555,0.0,0.0,NGFS_J033319-351548,-,LSB,0.0,0.0,-,0.047,0.033,0.024,0.018
254,03:33:24,-35:59:13,53.35,-35.98694444444445,0.0,0.0,NGFS_J033324-355915,-,LSB,0.0,0.0,-,0.072,0.05,0.037,0.028
256,03:33:28,-35:07:34,53.36666666666667,-35.12611111111111,0.0,0.0,NGFS_J033329-350736,-,LSB,0.0,0.0,-,0.049,0.034,0.025,0.019
257,03:33:31,-35:16:21,53.37916666666666,-35.2725,0.0,0.0,NGFS_J033331-351621,-,LSB,0.0,0.0,-,0.049,0.034,0.025,0.019
259,03:33:31,-35:26:54,53.37916666666666,-35.44833333333333,0.0,0.0,NGFS_J033331-352654,-,LSB,0.0,0.0,-,0.046,0.032,0.024,0.018
260,03:33:32,-35:39:42,53.38333333333333,-35.66166666666667,0.0,0.0,NGFS_J033332-353942,-,LSB,0.0,0.0,-,0.047,0.032,0.024,0.018
261,03:33:33,-35:42:16,53.3875,-35.70444444444445,0.0,0.0,NGFS_J033333-354216,-,LSB,0.0,0.0,-,0.048,0.033,0.025,0.018
264,03:33:35,-34:28:00,53.395833333333336,-34.46666666666667,53.3951,-34.4668,NGFS_J033335-342800,FDSLSB99,LSB,0.0,0.0,-,0.042,0.029,0.022,0.016
267,03:33:38,-37:24:32,53.40833333333334,-37.40888888888889,0.0,0.0,NGFS_J033338-372432,-,LSB,0.0,0.0,-,0.044,0.031,0.023,0.017
1w,03:33:44,-35:51:33,53.430833,-35.859167,0.0,0.0,FCC_123,-,LSB,1540.034073,3.897302,2001A&A...376...98S,0.055,0.038,0.028,0.021
271,03:33:44,-33:14:04,53.43333333333334,-33.23444444444444,53.4327,-33.2345,NGFS_J033344-331404,FDSLSB147,LSB,0.0,0.0,-,0.041,0.028,0.021,0.016
274,03:33:47,-35:04:07,53.44583333333334,-35.06861111111111,0.0,0.0,NGFS_J033347-350407,-,LSB,0.0,0.0,-,0.056,0.039,0.029,0.022
278,03:33:50,-35:57:06,53.458333333333336,-35.951666666666675,0.0,0.0,NGFS_J033350-355706,-,LSB,0.0,0.0,-,0.066,0.046,0.034,0.025
279,03:33:54,-34:25:59,53.475,-34.433055555555555,0.0,0.0,NGFS_J033354-342559,-,LSB,0.0,0.0,-,0.04,0.028,0.021,0.015
283,03:33:56,-35:09:49,53.483333333333334,-35.16361111111111,0.0,0.0,NGFS_J033356-350949,-,LSB,0.0,0.0,-,0.052,0.036,0.027,0.02
284,03:33:57,-36:22:57,53.487500000000004,-36.3825,0.0,0.0,NGFS_J033357-362257,-,LSB,0.0,0.0,-,0.044,0.03,0.022,0.017
286,03:33:58,-36:11:27,53.49166666666667,-36.19083333333333,53.4926,-36.1911,NGFS_J033358-361127,FDSLSB238,LSB,0.0,0.0,-,0.064,0.044,0.033,0.024
287,03:33:58,-36:35:48,53.49166666666667,-36.596666666666664,0.0,0.0,NGFS_J033358-363548,-,LSB,0.0,0.0,-,0.037,0.026,0.019,0.014
291,03:34:07,-35:28:38,53.52916666666667,-35.47722222222223,53.5294,-35.4772,NGFS_J033407-352838,FDSLSB58,LSB,0.0,0.0,-,0.047,0.032,0.024,0.018
294,03:34:09,-35:31:00,53.5375,-35.516666666666666,53.5389,-35.5169,FCC_130,FDSLSB53,LSB,0.0,0.0,-,0.049,0.034,0.025,0.019
295,03:34:11,-36:45:01,53.545833333333334,-36.750277777777775,53.5472,-36.7498,NGFS_J033411-364501,FDSLSB237,LSB,0.0,0.0,-,0.037,0.026,0.019,0.014
297,03:34:12,-36:17:17,53.550000000000004,-36.28805555555556,0.0,0.0,NGFS_J033412-361717,-,LSB,0.0,0.0,-,0.041,0.028,0.021,0.016
298,03:34:12,-35:44:01,53.550000000000004,-35.73361111111111,0.0,0.0,NGFS_J033412-354401,-,LSB,0.0,0.0,-,0.052,0.036,0.027,0.02
300,03:34:14,-35:49:10,53.55833333333333,-35.81944444444444,0.0,0.0,NGFS_J033414-354910,-,LSB,0.0,0.0,-,0.052,0.036,0.027,0.02
304,03:34:16,-33:17:35,53.56666666666667,-33.293055555555554,0.0,0.0,NGFS_J033416-331736,-,LSB,0.0,0.0,-,0.043,0.03,0.022,0.016
312,03:34:23,-35:50:42,53.59583333333334,-35.845,53.5977,-35.845,NGFS_J033423-355042,FDSLSB38,LSB,0.0,0.0,-,0.051,0.035,0.026,0.02
314,03:34:27,-35:06:22,53.6125,-35.10611111111111,0.0,0.0,NGFS_J033427-350621,-,LSB,0.0,0.0,-,0.047,0.033,0.024,0.018
316,03:34:29,-34:56:40,53.62083333333334,-34.94444444444444,53.6189,-34.9441,NGFS_J033429-345640,FDSLSB97,LSB,0.0,0.0,-,0.042,0.029,0.021,0.016
318,03:34:31,-32:53:08,53.62916666666667,-32.885555555555555,0.0,0.0,NGFS_J033431-325308,-,LSB,0.0,0.0,-,0.035,0.024,0.018,0.013
320,03:34:33,-35:02:35,53.6375,-35.043055555555554,53.6354,-35.0436,NGFS_J033433-350236,FDSLSB51,LSB,0.0,0.0,-,0.045,0.031,0.023,0.017
322,03:34:36,-36:03:15,53.65,-36.05416666666667,0.0,0.0,NGFS_J033436-360315,-,LSB,0.0,0.0,-,0.042,0.029,0.021,0.016
324,03:34:41,-34:21:17,53.670833333333334,-34.35472222222222,53.6687,-34.3541,NGFS_J033441-342117,FDSLSB95,LSB,0.0,0.0,-,0.038,0.026,0.02,0.015
326,03:34:43,-35:31:15,53.67916666666666,-35.520833333333336,53.681,-35.5211,NGFS_J033443-353115,FDSLSB36,LSB,0.0,0.0,-,0.054,0.037,0.028,0.021
328,03:34:46,-34:53:34,53.69166666666667,-34.89277777777779,53.6916,-34.8925,NGFS_J033446-345334,FDSLSB93,LSB,0.0,0.0,-,0.041,0.028,0.021,0.016
329,03:34:46,-35:42:39,53.69166666666667,-35.71083333333333,0.0,0.0,NGFS_J033446-354239,-,LSB,0.0,0.0,-,0.047,0.032,0.024,0.018
330,03:34:48,-35:17:57,53.7,-35.299166666666665,0.0,0.0,NGFS_J033448-351757,-,LSB,0.0,0.0,-,0.045,0.031,0.023,0.017
332,03:34:51,-36:27:47,53.712500000000006,-36.463055555555556,0.0,0.0,NGFS_J033451-362747,-,LSB,0.0,0.0,-,0.041,0.028,0.021,0.016
337,03:34:54,-34:21:40,53.724999999999994,-34.361111111111114,0.0,0.0,NGFS_J033454-342140,-,LSB,0.0,0.0,-,0.038,0.027,0.02,0.015
338,03:34:55,-33:12:33,53.729166666666664,-33.20916666666667,53.7292,-33.2091,NGFS_J033455-331233,FDSLSB150,LSB,0.0,0.0,-,0.039,0.027,0.02,0.015
341,03:34:57,-35:41:15,53.7375,-35.6875,53.7357,-35.6876,NGFS_J033457-354115,FDSLSB55,LSB,0.0,0.0,-,0.046,0.031,0.023,0.017
346,03:34:59,-36:11:50,53.74583333333334,-36.19722222222222,53.7451,-36.1969,NGFS_J033459-361150,FDSLSB245,LSB,0.0,0.0,-,0.039,0.027,0.02,0.015
348,03:35:00,-35:19:20,53.75,-35.32222222222222,0.0,0.0,FCC_144,-,LSB,0.0,0.0,-,0.045,0.031,0.023,0.017
350,03:35:05,-35:27:04,53.770833333333336,-35.45111111111111,0.0,0.0,NGFS_J033505-352703,-,LSB,0.0,0.0,-,0.05,0.034,0.025,0.019
352,03:35:06,-34:28:00,53.77499999999999,-34.46666666666667,0.0,0.0,-,-,LSB,0.0,0.0,-,0.048,0.033,0.025,0.018
356,03:35:12,-35:26:03,53.8,-35.43416666666667,0.0,0.0,NGFS_J033512-352603,-,LSB,0.0,0.0,-,0.048,0.033,0.025,0.018
357,03:35:12,-36:34:33,53.8,-36.575833333333335,0.0,0.0,NGFS_J033512-363433,-,LSB,0.0,0.0,-,0.039,0.027,0.02,0.015
358,03:35:12,-34:32:35,53.8,-34.543055555555554,0.0,0.0,NGFS_J033513-343235,-,LSB,0.0,0.0,-,0.051,0.036,0.026,0.02
359,03:35:14,-36:23:21,53.80833333333333,-36.38916666666667,0.0,0.0,NGFS_J033514-362321,-,LSB,0.0,0.0,-,0.046,0.032,0.024,0.018
360,03:35:15,-35:30:12,53.81250000000001,-35.50333333333333,0.0,0.0,NGFS_J033515-353012,-,LSB,0.0,0.0,-,0.047,0.033,0.024,0.018
364,03:35:24,-37:37:06,53.85,-37.61833333333333,0.0,0.0,NGFS_J033524-373706,-,LSB,0.0,0.0,-,0.05,0.034,0.026,0.019
375,03:35:38,-34:17:17,53.90833333333333,-34.28805555555556,0.0,0.0,NGFS_J033538-341717,-,LSB,0.0,0.0,-,0.037,0.026,0.019,0.014
376,03:35:38,-35:05:39,53.90833333333333,-35.094166666666666,0.0,0.0,NGFS_J033538-350539,-,LSB,0.0,0.0,-,0.05,0.034,0.025,0.019
379,03:35:43,-35:50:51,53.92916666666666,-35.8475,0.0,0.0,NGFS_J033543-355051,-,LSB,0.0,0.0,-,0.036,0.025,0.019,0.014
381,03:35:47,-35:21:43,53.945833333333326,-35.36194444444445,53.9473,-35.3619,NGFS_J033547-352142,FDSLSB43,LSB,0.0,0.0,-,0.044,0.03,0.022,0.017
388,03:35:56,-35:17:40,53.98333333333334,-35.294444444444444,0.0,0.0,NGFS_J033556-351740,-,LSB,0.0,0.0,-,0.044,0.031,0.023,0.017
392,03:36:00,-35:56:10,54.00000000000001,-35.93611111111111,54.0009,-35.9357,NGFS_J033600-355610,FDSLSB46,LSB,0.0,0.0,-,0.036,0.025,0.019,0.014
393,03:36:00,-34:52:40,54.00000000000001,-34.87777777777778,0.0,0.0,NGFS_J033600-345240,-,LSB,0.0,0.0,-,0.043,0.03,0.022,0.017
395,03:36:02,-35:18:39,54.00833333333333,-35.310833333333335,54.0074,-35.3107,NGFS_J033602-351839,FDSLSB45,LSB,0.0,0.0,-,0.042,0.029,0.022,0.016
399,03:36:05,-36:20:09,54.020833333333336,-36.33583333333333,0.0,0.0,NGFS_J033605-362009,-,LSB,0.0,0.0,-,0.039,0.027,0.02,0.015
400,03:36:05,-37:36:55,54.020833333333336,-37.61527777777778,0.0,0.0,NGFS_J033605-373655,-,LSB,0.0,0.0,-,0.06,0.041,0.031,0.023
401,03:36:06,-33:33:33,54.025,-33.55916666666667,0.0,0.0,NGFS_J033606-333333,-,LSB,0.0,0.0,-,0.032,0.022,0.016,0.012
402,03:36:07,-35:50:33,54.02916666666666,-35.8425,0.0,0.0,FCC_163,-,LSB,0.0,0.0,-,0.035,0.024,0.018,0.013
406,03:36:08,-35:59:13,54.03333333333334,-35.98694444444445,54.0352,-35.9868,NGFS_J033608-355913,FDSLSB259,LSB,0.0,0.0,-,0.035,0.024,0.018,0.013
408,03:36:10,-35:40:16,54.041666666666664,-35.67111111111111,54.0424,-35.6712,NGFS_J033610-354017,FDSLSB230,LSB,0.0,0.0,-,0.041,0.028,0.021,0.016
409,03:36:10,-34:04:53,54.041666666666664,-34.08138888888889,0.0,0.0,NGFS_J033610-340453,-,LSB,0.0,0.0,-,0.034,0.024,0.018,0.013
410,03:36:11,-34:50:34,54.04583333333334,-34.842777777777776,0.0,0.0,NGFS_J033611-345034,-,LSB,0.0,0.0,-,0.044,0.03,0.023,0.017
412,03:36:12,-32:52:33,54.050000000000004,-32.87583333333333,0.0,0.0,NGFS_J033612-325233,-,LSB,0.0,0.0,-,0.032,0.022,0.016,0.012
413,03:36:12,-35:44:47,54.050000000000004,-35.74638888888889,54.051,-35.7463,NGFS_J033612-354447,FDSLSB223,LSB,0.0,0.0,-,0.036,0.025,0.018,0.014
416,03:36:17,-36:04:55,54.07083333333333,-36.081944444444446,0.0,0.0,[VPL2017]_FDS12_LSB47,-,LSB,0.0,0.0,-,0.036,0.025,0.018,0.014
417,03:36:20,-34:35:39,54.083333333333336,-34.594166666666666,0.0,0.0,NGFS_J033620-343539,-,LSB,0.0,0.0,-,0.045,0.031,0.023,0.017
419,03:36:23,-34:20:43,54.09583333333333,-34.34527777777778,0.0,0.0,NGFS_J033623-342043,-,LSB,0.0,0.0,-,0.044,0.03,0.023,0.017
426,03:36:25,-35:42:12,54.10416666666667,-35.70333333333334,0.0,0.0,NGFS_J033625-354212,-,LSB,0.0,0.0,-,0.039,0.027,0.02,0.015
427,03:36:27,-35:38:21,54.1125,-35.63916666666667,0.0,0.0,NGFS_J033627-353821,-,LSB,0.0,0.0,-,0.04,0.028,0.021,0.015
441,03:36:33,-37:40:46,54.1375,-37.67944444444444,0.0,0.0,NGFS_J033633-374046,-,LSB,0.0,0.0,-,0.057,0.04,0.029,0.022
445,03:36:39,-35:36:41,54.162499999999994,-35.61138888888889,54.1612,-35.6114,NGFS_J033639-353641,FDSLSB226,LSB,0.0,0.0,-,0.041,0.028,0.021,0.016
446,03:36:41,-35:35:20,54.17083333333334,-35.58888888888889,0.0,0.0,NGFS_J033641-353520,-,LSB,0.0,0.0,-,0.04,0.028,0.021,0.015
447,03:36:42,-34:42:40,54.175000000000004,-34.71111111111111,0.0,0.0,NGFS_J033642-344241,-,LSB,0.0,0.0,-,0.046,0.032,0.024,0.018
450,03:36:43,-35:26:08,54.17845833333,-35.43547222222,0.0,0.0,FCC_175,-,LSB,0.0,0.0,-,0.041,0.028,0.021,0.016
467,03:36:54,-35:44:50,54.225,-35.74722222222223,0.0,0.0,NGFS_J033654-354450,-,LSB,0.0,0.0,-,0.04,0.028,0.021,0.015
470,03:36:55,-36:21:12,54.229166666666664,-36.35333333333333,54.2289,-36.3533,NGFS_J033655-362112,FDSLSB252,LSB,0.0,0.0,-,0.046,0.032,0.024,0.018
471,03:36:55,-35:56:40,54.229166666666664,-35.94444444444444,0.0,0.0,NGFS_J033655-355640,-,LSB,0.0,0.0,-,0.041,0.028,0.021,0.016
473,03:36:57,-37:49:15,54.23749999999999,-37.82083333333333,0.0,0.0,NGFS_J033657-374916,-,LSB,0.0,0.0,-,0.056,0.039,0.029,0.021
478,03:36:58,-33:09:43,54.241666666666674,-33.161944444444444,54.2437,-33.1621,NGFS_J033659-330943,FDSLSB140,LSB,0.0,0.0,-,0.032,0.022,0.017,0.012
481,03:37:00,-35:08:16,54.25,-35.137777777777785,54.2494,-35.1373,NGFS_J033700-350816,FDSLSB220,LSB,0.0,0.0,-,0.054,0.037,0.028,0.021
483,03:37:03,-34:52:33,54.2625,-34.87583333333333,0.0,0.0,FCC_185,-,LSB,0.0,0.0,-,0.054,0.037,0.028,0.02
490,03:37:06,-35:20:29,54.275,-35.341388888888886,0.0,0.0,NGFS_J033706-352031,-,LSB,0.0,0.0,-,0.044,0.031,0.023,0.017
501,03:37:13,-36:15:28,54.304166666666674,-36.257777777777775,0.0,0.0,NGFS_J033713-361528,-,LSB,0.0,0.0,-,0.045,0.031,0.023,0.017
504,03:37:16,-35:21:30,54.31666666666667,-35.358333333333334,54.3163,-35.3574,NGFS_J033716-352130,FDSLSB218,LSB,0.0,0.0,-,0.045,0.031,0.023,0.017
509,03:37:18,-34:50:52,54.325,-34.84777777777778,0.0,0.0,NGFS_J033718-345052,-,LSB,0.0,0.0,-,0.049,0.034,0.025,0.019
512,03:37:23,-34:17:15,54.34583333333333,-34.2875,0.0,0.0,NGFS_J033723-341715,-,LSB,0.0,0.0,-,0.038,0.026,0.019,0.014
515,03:37:27,-33:17:19,54.362500000000004,-33.28861111111111,0.0,0.0,NGFS_J033727-331719,-,LSB,0.0,0.0,-,0.032,0.022,0.016,0.012
520,03:37:31,-34:05:45,54.37916666666667,-34.09583333333334,0.0,0.0,NGFS_J033731-340545,-,LSB,0.0,0.0,-,0.036,0.025,0.018,0.014
527,03:37:36,-35:10:35,54.4,-35.17638888888889,0.0,0.0,NGFS_J033736-351035,-,LSB,0.0,0.0,-,0.056,0.039,0.029,0.022
528,03:37:37,-34:44:30,54.40416666666666,-34.74166666666667,54.4036,-34.7416,NGFS_J033737-344430,FDSLSB164,LSB,0.0,0.0,-,0.043,0.03,0.022,0.017
529,03:37:38,-35:23:08,54.408333333333324,-35.385555555555555,0.0,0.0,NGFS_J033738-352308,-,LSB,0.0,0.0,-,0.049,0.034,0.025,0.019
531,03:37:41,-36:10:26,54.42083333333333,-36.17388888888889,0.0,0.0,NGFS_J033741-361026,-,LSB,0.0,0.0,-,0.045,0.031,0.023,0.017
533,03:37:42,-35:57:21,54.425000000000004,-35.95583333333333,0.0,0.0,NGFS_J033742-355721,-,LSB,0.0,0.0,-,0.039,0.027,0.02,0.015
534,03:37:42,-34:38:16,54.425000000000004,-34.63777777777778,0.0,0.0,NGFS_J033742-343816,-,LSB,0.0,0.0,-,0.043,0.03,0.022,0.016
536,03:37:44,-36:43:35,54.43333333333334,-36.7263888888889,0.0,0.0,FCC_199,-,LSB,0.0,0.0,-,0.033,0.023,0.017,0.013
537,03:37:44,-35:42:13,54.43333333333334,-35.70361111111111,54.4353,-35.7036,NGFS_J033744-354214,FDSLSB235,LSB,0.0,0.0,-,0.04,0.028,0.021,0.015
543,03:37:50,-35:33:02,54.45833333333334,-35.550555555555555,0.0,0.0,NGFS_J033750-353302,-,LSB,0.0,0.0,-,0.049,0.034,0.025,0.019
545,03:37:51,-35:21:46,54.462500000000006,-35.36277777777778,0.0,0.0,NGFS_J033751-352146,-,LSB,0.0,0.0,-,0.051,0.036,0.026,0.02
547,03:37:54,-35:34:29,54.47500000000001,-35.57472222222222,0.0,0.0,NGFS_J033754-353429,-,LSB,0.0,0.0,-,0.049,0.034,0.025,0.019
550,03:37:55,-37:51:22,54.47916666666667,-37.85611111111111,0.0,0.0,NGFS_J033756-375122,-,LSB,0.0,0.0,-,0.053,0.037,0.027,0.02
552,03:37:56,-33:16:20,54.483333333333334,-33.272222222222226,0.0,0.0,NGFS_J033757-331620,-,LSB,0.0,0.0,-,0.031,0.022,0.016,0.012
553,03:37:57,-33:49:53,54.487500000000004,-33.83138888888889,0.0,0.0,NGFS_J033757-334953,-,LSB,0.0,0.0,-,0.03,0.021,0.016,0.012
554,03:37:58,-37:07:09,54.49166666666666,-37.119166666666665,54.4904,-37.1183,NGFS_J033758-370709,FDSLSB85,LSB,0.0,0.0,-,0.037,0.026,0.019,0.014
555,03:37:59,-34:31:48,54.49583333333334,-34.53,0.0,0.0,NGFS_J033759-343148,-,LSB,0.0,0.0,-,0.042,0.029,0.022,0.016
556,03:38:02,-35:16:52,54.50833333333335,-35.28111111111111,0.0,0.0,[VPL2017]_FDS11_LSB17,-,LSB,0.0,0.0,-,0.049,0.034,0.025,0.019
558,03:38:03,-36:44:31,54.5125,-36.74194444444444,54.5137,-36.7422,NGFS_J033803-364431,FDSLSB256,LSB,0.0,0.0,-,0.031,0.021,0.016,0.012
560,03:38:06,-36:03:01,54.52499999999999,-36.05027777777778,0.0,0.0,NGFS_J033806-360301,-,LSB,0.0,0.0,-,0.042,0.029,0.022,0.016
562,03:38:07,-35:35:31,54.52916666666666,-35.591944444444444,0.0,0.0,NGFS_J033807-353531,-,LSB,0.0,0.0,-,0.041,0.028,0.021,0.016
564,03:38:08,-36:04:20,54.53333333333334,-36.07222222222222,0.0,0.0,NGFS_J033808-360420,-,LSB,0.0,0.0,-,0.041,0.029,0.021,0.016
567,03:38:08,-36:00:30,54.53333333333334,-36.00833333333333,54.5354,-36.0085,NGFS_J033808-360030,FDSLSB254,LSB,0.0,0.0,-,0.041,0.028,0.021,0.016
568,03:38:09,-35:09:54,54.5375,-35.165,0.0,0.0,NGFS_J033809-350954,-,LSB,0.0,0.0,-,0.047,0.033,0.024,0.018
571,03:38:11,-36:20:16,54.54583333333334,-36.33777777777778,0.0,0.0,NGFS_J033811-362016,-,LSB,0.0,0.0,-,0.04,0.028,0.021,0.015
572,03:38:11,-33:12:04,54.54583333333334,-33.20111111111111,0.0,0.0,NGFS_J033811-331204,-,LSB,0.0,0.0,-,0.03,0.021,0.015,0.011
576,03:38:14,-34:13:43,54.558333333333344,-34.228611111111114,0.0,0.0,NGFS_J033814-341343,-,LSB,0.0,0.0,-,0.036,0.025,0.019,0.014
577,03:38:15,-35:07:22,54.5625,-35.12277777777778,0.0,0.0,NGFS_J033815-350722,-,LSB,0.0,0.0,-,0.049,0.034,0.025,0.019
578,03:38:15,-36:16:52,54.5625,-36.28111111111111,0.0,0.0,NGFS_J033815-361652,-,LSB,0.0,0.0,-,0.04,0.028,0.021,0.015
580,03:38:18,-34:40:28,54.574999999999996,-34.67444444444445,0.0,0.0,NGFS_J033818-344028,-,LSB,0.0,0.0,-,0.041,0.029,0.021,0.016
585,03:38:21,-36:24:48,54.5875,-36.413333333333334,0.0,0.0,FCC_212,-,LSB,0.0,0.0,-,0.036,0.025,0.018,0.014
589,03:38:23,-34:55:37,54.59583333333334,-34.926944444444445,0.0,0.0,NGFS_J033822-345537,-,LSB,0.0,0.0,-,0.044,0.031,0.023,0.017
590,03:38:23,-35:45:37,54.59583333333334,-35.76027777777778,0.0,0.0,NGFS_J033823-354537,-,LSB,0.0,0.0,-,0.037,0.025,0.019,0.014
591,03:38:23,-36:33:04,54.59583333333334,-36.55111111111111,54.5976,-36.5513,NGFS_J033823-363304,FDSLSB255,LSB,0.0,0.0,-,0.03,0.02,0.015,0.011
593,03:38:25,-36:04:18,54.60416666666667,-36.071666666666665,0.0,0.0,NGFS_J033825-360418,-,LSB,0.0,0.0,-,0.039,0.027,0.02,0.015
597,03:38:27,-36:44:24,54.61249999999999,-36.74,0.0,0.0,NGFS_J033827-364424,-,LSB,0.0,0.0,-,0.031,0.021,0.016,0.012
598,03:38:28,-35:02:22,54.61666666666667,-35.03944444444444,54.6159,-35.0399,NGFS_J033828-350222,FDSLSB217,LSB,0.0,0.0,-,0.049,0.034,0.025,0.019
603,03:38:33,-33:39:48,54.637499999999996,-33.663333333333334,54.6376,-33.6633,NGFS_J033833-333948,FDSLSB143,LSB,0.0,0.0,-,0.028,0.019,0.014,0.011
625,03:38:54,-36:36:51,54.725,-36.61416666666667,0.0,0.0,NGFS_J033854-363652,-,LSB,0.0,0.0,-,0.035,0.024,0.018,0.013
631,03:38:58,-35:11:05,54.74166666666667,-35.18472222222222,0.0,0.0,FCC_401,-,LSB,0.0,0.0,-,0.044,0.03,0.022,0.017
635,03:39:04,-36:33:33,54.76666666666667,-36.55916666666667,54.7655,-36.5593,NGFS_J033904-363333,FDSLSB253,LSB,0.0,0.0,-,0.036,0.025,0.019,0.014
639,03:39:07,-34:22:46,54.77916666666666,-34.379444444444445,0.0,0.0,NGFS_J033907-342246,-,LSB,0.0,0.0,-,0.037,0.025,0.019,0.014
640,03:39:07,-35:07:22,54.77916666666666,-35.12277777777778,0.0,0.0,NGFS_J033907-350722,-,LSB,0.0,0.0,-,0.047,0.033,0.024,0.018
645,03:39:14,-34:23:25,54.80833333333333,-34.390277777777776,0.0,0.0,NGFS_J033915-342325,-,LSB,0.0,0.0,-,0.035,0.024,0.018,0.014
646,03:39:15,-34:11:13,54.8125,-34.18694444444444,0.0,0.0,NGFS_J033915-341113,-,LSB,0.0,0.0,-,0.033,0.023,0.017,0.013
649,03:39:16,-36:10:59,54.81666666666668,-36.183055555555555,0.0,0.0,NGFS_J033916-361059,-,LSB,0.0,0.0,-,0.047,0.032,0.024,0.018
650,03:39:17,-36:29:04,54.82083333333334,-36.48444444444444,0.0,0.0,NGFS_J033917-362904,-,LSB,0.0,0.0,-,0.037,0.025,0.019,0.014
656,03:39:21,-34:05:03,54.837500000000006,-34.08416666666667,0.0,0.0,NGFS_J033921-340503,-,LSB,0.0,0.0,-,0.033,0.023,0.017,0.012
657,03:39:21,-38:04:11,54.837500000000006,-38.069722222222225,0.0,0.0,NGFS_J033921-380411,-,LSB,0.0,0.0,-,0.05,0.034,0.026,0.019
660,03:39:25,-36:37:20,54.85416666666667,-36.62222222222222,0.0,0.0,NGFS_J033925-363720,-,LSB,0.0,0.0,-,0.036,0.025,0.018,0.014
661,03:39:29,-35:34:21,54.87083333333333,-35.5725,54.87,-35.5724,NGFS_J033929-353421,FDSLSB233,LSB,0.0,0.0,-,0.035,0.024,0.018,0.013
663,03:39:32,-33:36:34,54.883333333333326,-33.60944444444444,54.8844,-33.6094,NGFS_J033932-333634,FDSLSB136,LSB,0.0,0.0,-,0.025,0.017,0.013,0.009
664,03:39:32,-36:05:59,54.883333333333326,-36.09972222222222,0.0,0.0,NGFS_J033932-360559,-,LSB,0.0,0.0,-,0.044,0.03,0.022,0.017
672,03:39:42,-35:31:55,54.925000000000004,-35.53194444444445,0.0,0.0,NGFS_J033942-353155,-,LSB,0.0,0.0,-,0.037,0.025,0.019,0.014
673,03:39:42,-35:28:06,54.925000000000004,-35.468333333333334,0.0,0.0,NGFS_J033942-352806,-,LSB,0.0,0.0,-,0.043,0.03,0.022,0.017
684,03:39:50,-35:01:24,54.958333333333336,-35.02333333333333,0.0,0.0,FCC_226,-,LSB,0.0,0.0,-,0.045,0.031,0.023,0.017
685,03:39:51,-36:00:45,54.962500000000006,-36.0125,54.9632,-36.0123,NGFS_J033951-360045,FDSLSB250,LSB,0.0,0.0,-,0.041,0.028,0.021,0.016
686,03:39:51,-35:19:19,54.962500000000006,-35.32194444444445,0.0,0.0,FCC_228,-,LSB,0.0,0.0,-,0.044,0.03,0.023,0.017
700,03:40:03,-35:27:54,55.0125,-35.465,55.0121,-35.465,NGFS_J034003-352754,FDSLSB212,LSB,0.0,0.0,-,0.041,0.028,0.021,0.016
704,03:40:05,-37:45:45,55.020833333333336,-37.7625,0.0,0.0,NGFS_J034005-374545,-,LSB,0.0,0.0,-,0.049,0.034,0.025,0.019
706,03:40:05,-34:39:07,55.020833333333336,-34.651944444444446,0.0,0.0,NGFS_J034005-343907,-,LSB,0.0,0.0,-,0.032,0.022,0.016,0.012
714,03:40:12,-35:17:20,55.05,-35.28888888888889,55.0521,-35.2887,NGFS_J034012-351720,FDSLSB219,LSB,0.0,0.0,-,0.043,0.03,0.022,0.017
716,03:40:15,-36:36:48,55.06250000000001,-36.61333333333333,55.0605,-36.6135,NGFS_J034015-363648,FDSLSB263,LSB,0.0,0.0,-,0.028,0.02,0.015,0.011
717,03:40:16,-35:39:46,55.06666666666666,-35.66277777777778,0.0,0.0,NGFS_J034016-353946,-,LSB,0.0,0.0,-,0.039,0.027,0.02,0.015
719,03:40:18,-36:03:32,55.075,-36.05888888888889,55.0757,-36.0585,NGFS_J034018-360332,FDSLSB249,LSB,0.0,0.0,-,0.042,0.029,0.022,0.016
721,03:40:19,-35:08:15,55.07916666666667,-35.1375,55.0776,-35.1374,NGFS_J034019-350815,FDSLSB229,LSB,0.0,0.0,-,0.042,0.029,0.022,0.016
729,03:40:26,-35:00:13,55.10833333333334,-35.00361111111111,0.0,0.0,NGFS_J034026-350013,-,LSB,0.0,0.0,-,0.042,0.029,0.022,0.016
730,03:40:27,-35:25:12,55.1125,-35.42,0.0,0.0,NGFS_J034027-352512,-,LSB,0.0,0.0,-,0.038,0.026,0.019,0.014
732,03:40:28,-34:47:10,55.11666666666667,-34.78611111111111,55.1183,-34.7862,NGFS_J034028-344710,FDSLSB169,LSB,0.0,0.0,-,0.041,0.028,0.021,0.016
735,03:40:33,-36:33:18,55.137499999999996,-36.55500000000001,55.1396,-36.5548,NGFS_J034033-363317,FDSLSB262,LSB,0.0,0.0,-,0.034,0.024,0.018,0.013
736,03:40:33,-36:34:48,55.137499999999996,-36.580000000000005,55.1372,-36.5799,NGFS_J034033-363448,FDSLSB251,LSB,0.0,0.0,-,0.033,0.023,0.017,0.013
737,03:40:34,-35:53:18,55.14166666666667,-35.888333333333335,0.0,0.0,NGFS_J034034-355318,-,LSB,0.0,0.0,-,0.029,0.02,0.015,0.011
741,03:40:36,-36:47:59,55.15,-36.79972222222222,0.0,0.0,NGFS_J034036-364759,-,LSB,0.0,0.0,-,0.034,0.024,0.017,0.013
742,03:40:37,-35:21:19,55.15416666666667,-35.35527777777778,0.0,0.0,NGFS_J034037-352119,-,LSB,0.0,0.0,-,0.039,0.027,0.02,0.015
749,03:40:44,-35:32:22,55.18333333333334,-35.53944444444444,0.0,0.0,NGFS_J034044-353222,-,LSB,0.0,0.0,-,0.036,0.025,0.018,0.014
750,03:40:44,-36:11:08,55.18333333333334,-36.18555555555555,0.0,0.0,NGFS_J034044-361108,-,LSB,0.0,0.0,-,0.038,0.026,0.02,0.015
753,03:40:50,-35:01:26,55.20833333333333,-35.02388888888889,0.0,0.0,FCC_251,-,LSB,0.0,0.0,-,0.038,0.027,0.02,0.015
757,03:40:53,-35:07:04,55.22083333333333,-35.117777777777775,0.0,0.0,NGFS_J034053-350704,-,LSB,0.0,0.0,-,0.041,0.028,0.021,0.016
768,03:41:03,-34:41:46,55.2625,-34.69611111111111,55.2634,-34.6959,NGFS_J034103-344144,FDSLSB125,LSB,0.0,0.0,-,0.038,0.026,0.02,0.015
774,03:41:07,-37:01:25,55.27916666666667,-37.02361111111111,0.0,0.0,NGFS_J034107-370125,-,LSB,0.0,0.0,-,0.03,0.021,0.015,0.011
779,03:41:09,-33:17:17,55.2875,-33.28805555555556,55.2884,-33.2877,NGFS_J034109-331717,FDSLSB66,LSB,0.0,0.0,-,0.025,0.017,0.013,0.01
786,03:41:18,-34:44:44,55.325,-34.745555555555555,0.0,0.0,NGFS_J034118-344444,-,LSB,0.0,0.0,-,0.038,0.026,0.02,0.015
788,03:41:21,-35:21:55,55.3375,-35.36527777777778,0.0,0.0,NGFS_J034121-352155,-,LSB,0.0,0.0,-,0.035,0.024,0.018,0.014
797,03:41:26,-34:15:16,55.35833333333333,-34.254444444444445,0.0,0.0,NGFS_J034126-341516,-,LSB,0.0,0.0,-,0.028,0.019,0.014,0.011
801,03:41:31,-36:55:23,55.37916666666666,-36.92305555555556,0.0,0.0,NGFS_J034131-365523,-,LSB,0.0,0.0,-,0.027,0.019,0.014,0.01
806,03:41:39,-34:50:02,55.41250000000001,-34.833888888888886,0.0,0.0,NGFS_J034139-345002,-,LSB,0.0,0.0,-,0.044,0.03,0.022,0.017
807,03:41:40,-36:21:47,55.41666666666667,-36.363055555555555,0.0,0.0,NGFS_J034140-362147,-,LSB,0.0,0.0,-,0.029,0.02,0.015,0.011
810,03:41:42,-33:29:04,55.425,-33.48444444444444,0.0,0.0,FCC_265,-,LSB,0.0,0.0,-,0.019,0.013,0.01,0.007
812,03:41:46,-37:28:59,55.44166666666667,-37.48305555555555,0.0,0.0,NGFS_J034146-372859,-,LSB,0.0,0.0,-,0.043,0.03,0.022,0.016
813,03:41:46,-35:30:55,55.44166666666667,-35.515277777777776,0.0,0.0,NGFS_J034146-353055,-,LSB,0.0,0.0,-,0.033,0.023,0.017,0.013
814,03:41:47,-36:13:30,55.44583333333333,-36.225,55.447,-36.225,NGFS_J034147-361330,FDSLSB22,LSB,0.0,0.0,-,0.03,0.021,0.016,0.012
819,03:41:57,-35:17:33,55.487500000000004,-35.2925,0.0,0.0,FCC_269,-,LSB,0.0,0.0,-,0.034,0.024,0.018,0.013
820,03:41:58,-36:28:23,55.49166666666667,-36.473055555555554,0.0,0.0,NGFS_J034158-362823,-,LSB,0.0,0.0,-,0.029,0.02,0.015,0.011
822,03:42:00,-37:00:18,55.50000000000001,-37.005,0.0,0.0,NGFS_J034200-370018,-,LSB,0.0,0.0,-,0.03,0.021,0.016,0.012
823,03:42:00,-37:38:02,55.50000000000001,-37.63388888888889,0.0,0.0,FCC_270,-,LSB,0.0,0.0,-,0.04,0.028,0.021,0.015
825,03:42:06,-34:51:00,55.525,-34.85,0.0,0.0,FCC_271,-,LSB,0.0,0.0,-,0.033,0.023,0.017,0.012
826,03:42:07,-36:13:49,55.52916666666666,-36.23027777777778,55.5304,-36.2307,NGFS_J034207-361349,FDSLSB33,LSB,0.0,0.0,-,0.028,0.02,0.015,0.011
827,03:42:10,-33:41:46,55.54166666666667,-33.69611111111111,0.0,0.0,NGFS_J034210-334146,-,LSB,0.0,0.0,-,0.014,0.01,0.007,0.006
835,03:42:19,-37:04:24,55.579166666666666,-37.07333333333334,0.0,0.0,NGFS_J034219-370424,-,LSB,0.0,0.0,-,0.033,0.023,0.017,0.012
836,03:42:19,-35:33:40,55.579166666666666,-35.56111111111111,0.0,0.0,FCC_275,-,LSB,0.0,0.0,-,0.036,0.025,0.018,0.014
840,03:42:25,-35:35:41,55.60416666666667,-35.594722222222224,0.0,0.0,NGFS_J034225-353541,-,LSB,0.0,0.0,-,0.037,0.026,0.019,0.014
841,03:42:26,-34:47:44,55.60833333333334,-34.79555555555555,0.0,0.0,NGFS_J034226-344744,-,LSB,0.0,0.0,-,0.032,0.022,0.017,0.012
844,03:42:31,-35:01:29,55.62916666666667,-35.02472222222222,55.6311,-35.0248,NGFS_J034231-350129,FDSLSB5,LSB,0.0,0.0,-,0.031,0.021,0.016,0.012
845,03:42:33,-35:31:55,55.637499999999996,-35.53194444444445,0.0,0.0,NGFS_J034233-353155,-,LSB,0.0,0.0,-,0.039,0.027,0.02,0.015
850,03:42:39,-35:45:51,55.6625,-35.76416666666667,0.0,0.0,NGFS_J034239-354551,-,LSB,0.0,0.0,-,0.028,0.02,0.015,0.011
857,03:42:53,-35:33:17,55.72083333333333,-35.554722222222225,0.0,0.0,NGFS_J034253-353317,-,LSB,0.0,0.0,-,0.038,0.026,0.019,0.014
860,03:43:00,-35:38:09,55.75,-35.63583333333333,0.0,0.0,NGFS_J034300-353809,-,LSB,0.0,0.0,-,0.035,0.024,0.018,0.013
861,03:43:01,-36:44:53,55.75416666666668,-36.74805555555556,55.7543,-36.7478,NGFS_J034301-364453,FDSLSB29,LSB,0.0,0.0,-,0.026,0.018,0.013,0.01
862,03:43:02,-35:15:03,55.75833333333333,-35.25083333333333,0.0,0.0,NGFS_J034302-351503,-,LSB,0.0,0.0,-,0.036,0.025,0.019,0.014
864,03:43:02,-35:19:40,55.75833333333333,-35.327777777777776,55.7587,-35.3283,NGFS_J034302-351940,FDSLSB10,LSB,0.0,0.0,-,0.037,0.025,0.019,0.014
872,03:43:25,-37:06:32,55.854166666666664,-37.10888888888889,0.0,0.0,NGFS_J034325-370632,-,LSB,0.0,0.0,-,0.036,0.025,0.018,0.014
878,03:43:35,-35:40:28,55.89583333333334,-35.67444444444445,0.0,0.0,NGFS_J034335-354028,-,LSB,0.0,0.0,-,0.036,0.025,0.019,0.014
881,03:43:39,-35:25:13,55.91250000000001,-35.42027777777778,0.0,0.0,NGFS_J034339-352513,-,LSB,0.0,0.0,-,0.034,0.024,0.017,0.013
892,03:44:12,-36:31:39,56.050000000000004,-36.5275,0.0,0.0,NGFS_J034412-363139,-,LSB,0.0,0.0,-,0.031,0.021,0.016,0.012
898,03:44:29,-36:02:09,56.12083333333333,-36.035833333333336,0.0,0.0,NGFS_J034429-360209,-,LSB,0.0,0.0,-,0.029,0.02,0.015,0.011
904,03:44:45,-35:16:11,56.18750000000001,-35.26972222222222,56.1882,-35.2697,NGFS_J034445-351612,FDSLSB14,LSB,0.0,0.0,-,0.025,0.017,0.013,0.01
916,03:45:04,-33:37:32,56.26666666666667,-33.62555555555556,0.0,0.0,NGFS_J034504-333732,-,LSB,0.0,0.0,-,0.024,0.017,0.013,0.009
923,03:45:31,-34:30:20,56.37916666666667,-34.50555555555555,0.0,0.0,FCC_304,-,LSB,0.0,0.0,-,0.022,0.015,0.011,0.008
924,03:45:33,-34:59:06,56.3875,-34.985,0.0,0.0,NGFS_J034533-345906,-,LSB,0.0,0.0,-,0.02,0.014,0.01,0.008
929,03:45:41,-34:50:02,56.42083333333333,-34.833888888888886,0.0,0.0,NGFS_J034541-345002,-,LSB,0.0,0.0,-,0.019,0.013,0.01,0.007
931,03:45:48,-35:03:37,56.45,-35.06027777777778,0.0,0.0,FCC_307,-,LSB,0.0,0.0,-,0.02,0.014,0.01,0.008
932,03:45:49,-34:52:55,56.454166666666666,-34.88194444444444,56.4537,-34.8818,NGFS_J034549-345255,FDSLSB129,LSB,0.0,0.0,-,0.019,0.013,0.01,0.007
933,03:45:50,-35:58:25,56.458333333333336,-35.97361111111111,0.0,0.0,NGFS_J034550-355825,-,LSB,0.0,0.0,-,0.036,0.025,0.018,0.014
938,03:45:57,-35:36:26,56.4875,-35.60722222222222,0.0,0.0,NGFS_J034557-353626,-,LSB,0.0,0.0,-,0.03,0.021,0.015,0.011
941,03:46:08,-36:49:21,56.53333333333333,-36.8225,0.0,0.0,FCC_309,-,LSB,0.0,0.0,-,0.031,0.021,0.016,0.012
945,03:46:18,-36:47:13,56.574999999999996,-36.786944444444444,0.0,0.0,NGFS_J034618-364713,-,LSB,0.0,0.0,-,0.031,0.022,0.016,0.012
952,03:46:47,-35:00:16,56.69583333333334,-35.004444444444445,0.0,0.0,NGFS_J034647-350016,-,LSB,0.0,0.0,-,0.023,0.016,0.012,0.009
5z,03:47:09,-32:46:26,56.787686,-32.773899,0.0,0.0,FCC_317,-,LSB,0.0,0.0,-,0.035,0.024,0.018,0.013
959,03:47:17,-34:37:59,56.82083333333333,-34.63305555555556,0.0,0.0,NGFS_J034717-343759,-,LSB,0.0,0.0,-,0.021,0.014,0.011,0.008
976,03:48:20,-36:20:47,57.08333333333333,-36.34638888888889,0.0,0.0,NGFS_J034821-362047,-,LSB,0.0,0.0,-,0.031,0.021,0.016,0.012
977,03:48:22,-36:06:22,57.091666666666676,-36.10611111111111,0.0,0.0,FCC_328,-,LSB,0.0,0.0,-,0.039,0.027,0.02,0.015
989,03:50:09,-36:24:39,57.53750000000001,-36.410833333333336,0.0,0.0,NGFS_J035009-362439,-,LSB,0.0,0.0,-,0.03,0.021,0.015,0.011
991,03:50:22,-35:39:45,57.59166666666667,-35.6625,0.0,0.0,NGFS_J035022-353945,-,LSB,0.0,0.0,-,0.042,0.029,0.022,0.016
92,03:27:29,-34:56:52,51.87083333333334,-34.94777777777778,0.0,0.0,FCC_B462,-,dE?,0.0,0.0,-,0.037,0.026,0.019,0.014
100,03:27:43,-36:00:59,51.92916666666667,-36.01638888888889,0.0,0.0,-,-,dE?,0.0,0.0,.,0.043,0.03,0.022,0.016
105,03:27:54,-35:48:27,51.975,-35.8075,0.0,0.0,NGFS_J032754-354827,-,dE?,0.0,0.0,-,0.039,0.027,0.02,0.015
141,03:29:25,-34:49:27,52.35416666666667,-34.82416666666667,0.0,0.0,-,-,dE?,0.0,0.0,-,0.036,0.025,0.018,0.014
145,03:29:29,-33:27:06,52.37083333333334,-33.45166666666667,0.0,0.0,-,-,dE?,0.0,0.0,-,0.034,0.024,0.018,0.013
169,03:30:28,-34:06:27,52.61666666666667,-34.1075,0.0,0.0,NGFS_J033028-340627,-,dE?,0.0,0.0,-,0.04,0.028,0.021,0.015
242,03:33:09,-35:23:49,53.28750000000001,-35.39694444444445,0.0,0.0,FCC_114,-,dE?,0.0,0.0,-,0.046,0.032,0.023,0.017
281,03:33:56,-37:44:05,53.483333333333334,-37.734722222222224,0.0,0.0,-,-,dE?,0.0,0.0,-,0.048,0.033,0.025,0.018
288,03:34:00,-35:45:33,53.49999999999999,-35.759166666666665,0.0,0.0,NGFS_J033400-354533,-,dE?,0.0,0.0,-,0.05,0.035,0.026,0.019
303,03:34:16,-35:42:16,53.56666666666667,-35.70444444444445,0.0,0.0,-,-,dE?,0.0,0.0,-,0.051,0.035,0.026,0.02
315,03:34:28,-35:48:37,53.616666666666674,-35.81027777777778,53.6185,-35.8104,NGFS_J033428-354837,FDSLSB40,dE?,0.0,0.0,-,0.052,0.036,0.027,0.02
325,03:34:42,-34:48:00,53.675000000000004,-34.8,0.0,0.0,NGFS_J033442-344800,-,dE?,0.0,0.0,-,0.04,0.028,0.021,0.015
365,03:35:24,-36:05:30,53.85,-36.09166666666667,0.0,0.0,FCC_149,-,dE?,0.0,0.0,-,0.033,0.023,0.017,0.013
370,03:35:30,-35:15:08,53.87500000000001,-35.25222222222222,53.8768,-35.2518,FCC_154,FDSLSB56,dE?,0.0,0.0,-,0.048,0.033,0.025,0.018
502,03:37:15,-34:42:05,54.3125,-34.701388888888886,54.3129,-34.7013,NGFS_J033715-344205,FDSLSB160,dE?,0.0,0.0,-,0.046,0.032,0.024,0.018
522,03:37:32,-36:32:42,54.38333333333333,-36.545,0.0,0.0,NGFS_J033732-363241,-,dE?,0.0,0.0,-,0.033,0.023,0.017,0.013
532,03:37:41,-35:17:46,54.42083333333333,-35.29611111111111,0.0,0.0,FCC_197,-,dE?,0.0,0.0,-,0.051,0.035,0.026,0.019
596,03:38:27,-35:09:07,54.61249999999999,-35.15194444444445,0.0,0.0,NGFS_J033827-350907,-,dE?,0.0,0.0,-,0.047,0.033,0.024,0.018
602,03:38:31,-34:46:29,54.62916666666668,-34.77472222222222,54.6312,-34.7748,NGFS_J033831-344629,FDSLSB162,dE?,0.0,0.0,-,0.044,0.031,0.023,0.017
609,03:38:38,-33:53:53,54.65833333333333,-33.89805555555556,0.0,0.0,[VPL2017]_FDS10_LSB32,-,dE?,0.0,0.0,-,0.028,0.019,0.014,0.011
658,03:39:22,-35:35:25,54.84166666666667,-35.59027777777778,0.0,0.0,NGFS_J033922-353524,-,dE?,0.0,0.0,-,0.034,0.023,0.017,0.013
689,03:39:54,-34:41:46,54.975,-34.69611111111111,0.0,0.0,NGFS_J033955-344146,-,dE?,0.0,0.0,-,0.034,0.023,0.017,0.013
694,03:40:00,-36:05:37,55.0,-36.09361111111111,0.0,0.0,NGFS_J034000-360537,-,dE?,0.0,0.0,-,0.043,0.03,0.022,0.016
744,03:40:41,-34:56:56,55.17083333333333,-34.94888888888889,0.0,0.0,[VPL2017]_FDS10_LSB23,-,dE?,0.0,0.0,-,0.041,0.028,0.021,0.016
763,03:40:58,-37:53:21,55.241666666666674,-37.88916666666667,0.0,0.0,NGFS_J034058-375321,-,dE?,0.0,0.0,-,0.043,0.03,0.022,0.016
775,03:41:07,-35:41:25,55.27916666666667,-35.69027777777778,0.0,0.0,FCC_258,-,dE?,0.0,0.0,-,0.036,0.025,0.018,0.014
780,03:41:12,-36:04:09,55.300000000000004,-36.06916666666667,55.2997,-36.0694,NGFS_J034112-360409,FDSLSB26,dE?,0.0,0.0,-,0.036,0.025,0.018,0.014
781,03:41:13,-37:58:21,55.30416666666667,-37.9725,0.0,0.0,NGFS_J034113-375821,-,dE?,0.0,0.0,-,0.047,0.032,0.024,0.018
790,03:41:21,-35:56:55,55.3375,-35.94861111111111,0.0,0.0,FCC_262,-,dE?,0.0,0.0,-,0.028,0.019,0.014,0.011
816,03:41:50,-35:32:07,55.458333333333336,-35.535277777777786,0.0,0.0,FCC_B1542,-,dE?,0.0,0.0,-,0.031,0.022,0.016,0.012
828,03:42:11,-35:26:35,55.54583333333333,-35.44305555555555,55.5467,-35.4432,FCC_272,FDSLSB4,dE?,1608.0,15.0,2007A&A...464L..21B,0.041,0.029,0.021,0.016
849,03:42:39,-35:52:05,55.6625,-35.86805555555556,0.0,0.0,FCC_281,-,dE?,0.0,0.0,-,0.03,0.021,0.016,0.012
852,03:42:41,-34:45:43,55.67083333333334,-34.761944444444445,0.0,0.0,NGFS_J034241-344543,-,dE?,0.0,0.0,-,0.031,0.021,0.016,0.012
885,03:43:49,-35:37:33,55.954166666666666,-35.62583333333333,0.0,0.0,NGFS_J034349-353733,-,dE?,0.0,0.0,-,0.044,0.031,0.023,0.017
894,03:44:17,-34:46:33,56.07083333333333,-34.77583333333333,0.0,0.0,-,-,dE?,0.0,0.0,-,0.024,0.017,0.013,0.009
909,03:44:55,-36:29:50,56.229166666666664,-36.49722222222222,0.0,0.0,NGFS_J034455-362950,-,dE?,0.0,0.0,-,0.027,0.019,0.014,0.01
936,03:45:53,-34:56:09,56.47083333333333,-34.935833333333335,0.0,0.0,NGFS_J034553-345608,-,dE?,0.0,0.0,-,0.02,0.014,0.01,0.008
967,03:47:47,-36:57:28,56.94583333333333,-36.95777777777778,0.0,0.0,NGFS_J034747-365728,-,dE?,0.0,0.0,-,0.036,0.025,0.018,0.014
983,03:49:13,-36:58:27,57.30416666666666,-36.97416666666667,0.0,0.0,FCC_331,-,dE?,0.0,0.0,-,0.034,0.023,0.017,0.013
-,-,-,0.0,0.0,55.6888,-35.472,-,FDSLSB1,-,0.0,0.0,-,0.0,0.0,0.0,0.0
-,-,-,0.0,0.0,56.0367,-35.1445,-,FDSLSB3,-,0.0,0.0,-,0.0,0.0,0.0,0.0
-,-,-,0.0,0.0,56.3158,-35.2712,-,FDSLSB9,-,0.0,0.0,-,0.0,0.0,0.0,0.0
-,-,-,0.0,0.0,55.8614,-35.4978,-,FDSLSB11,-,0.0,0.0,-,0.0,0.0,0.0,0.0
-,-,-,0.0,0.0,55.2824,-35.4126,-,FDSLSB12,-,0.0,0.0,-,0.0,0.0,0.0,0.0
-,-,-,0.0,0.0,56.1431,-35.1818,-,FDSLSB17,-,0.0,0.0,-,0.0,0.0,0.0,0.0
-,-,-,0.0,0.0,49.9763,-36.4139,-,FDSLSB19,-,0.0,0.0,-,0.0,0.0,0.0,0.0
-,-,-,0.0,0.0,49.8691,-36.8686,-,FDSLSB20,-,0.0,0.0,-,0.0,0.0,0.0,0.0
-,-,-,0.0,0.0,50.2844,-36.2315,-,FDSLSB21,-,0.0,0.0,-,0.0,0.0,0.0,0.0
-,-,-,0.0,0.0,55.6177,-36.3764,-,FDSLSB28,-,0.0,0.0,-,0.0,0.0,0.0,0.0
-,-,-,0.0,0.0,55.784,-36.9201,-,FDSLSB30,-,0.0,0.0,-,0.0,0.0,0.0,0.0
-,-,-,0.0,0.0,55.7149,-36.9225,-,FDSLSB31,-,0.0,0.0,-,0.0,0.0,0.0,0.0
-,-,-,0.0,0.0,55.5893,-36.37,-,FDSLSB34,-,0.0,0.0,-,0.0,0.0,0.0,0.0
-,-,-,0.0,0.0,53.7528,-35.4221,-,FDSLSB35,-,0.0,0.0,-,0.0,0.0,0.0,0.0
-,-,-,0.0,0.0,53.672,-35.5069,-,FDSLSB44,-,0.0,0.0,-,0.0,0.0,0.0,0.0
-,-,-,0.0,0.0,53.4312,-35.7332,-,FDSLSB48,-,0.0,0.0,-,0.0,0.0,0.0,0.0
-,-,-,0.0,0.0,53.0341,-35.0201,-,FDSLSB50,-,0.0,0.0,-,0.0,0.0,0.0,0.0
-,-,-,0.0,0.0,53.2295,-35.1676,-,FDSLSB52,-,0.0,0.0,-,0.0,0.0,0.0,0.0
-,-,-,0.0,0.0,53.566,-35.6524,-,FDSLSB54,-,0.0,0.0,-,0.0,0.0,0.0,0.0
-,-,-,0.0,0.0,49.7165,-37.6186,-,FDSLSB60,-,0.0,0.0,-,0.0,0.0,0.0,0.0
-,-,-,0.0,0.0,49.4516,-37.7279,-,FDSLSB61,-,0.0,0.0,-,0.0,0.0,0.0,0.0
-,-,-,0.0,0.0,49.9106,-37.5116,-,FDSLSB62,-,0.0,0.0,-,0.0,0.0,0.0,0.0
-,-,-,0.0,0.0,49.8864,-37.9017,-,FDSLSB63,-,0.0,0.0,-,0.0,0.0,0.0,0.0
-,-,-,0.0,0.0,49.1818,-37.7864,-,FDSLSB64,-,0.0,0.0,-,0.0,0.0,0.0,0.0
-,-,-,0.0,0.0,55.5373,-33.6824,-,FDSLSB65,-,0.0,0.0,-,0.0,0.0,0.0,0.0
-,-,-,0.0,0.0,55.6536,-33.2762,-,FDSLSB67,-,0.0,0.0,-,0.0,0.0,0.0,0.0
-,-,-,0.0,0.0,57.0479,-35.1963,-,FDSLSB69,-,0.0,0.0,-,0.0,0.0,0.0,0.0
-,-,-,0.0,0.0,50.5979,-35.9923,-,FDSLSB70,-,0.0,0.0,-,0.0,0.0,0.0,0.0
-,-,-,0.0,0.0,50.8568,-36.4333,-,FDSLSB72,-,0.0,0.0,-,0.0,0.0,0.0,0.0
-,-,-,0.0,0.0,51.0545,-36.9495,-,FDSLSB73,-,0.0,0.0,-,0.0,0.0,0.0,0.0
-,-,-,0.0,0.0,50.7396,-36.8201,-,FDSLSB74,-,0.0,0.0,-,0.0,0.0,0.0,0.0
-,-,-,0.0,0.0,51.5151,-36.9045,-,FDSLSB75,-,0.0,0.0,-,0.0,0.0,0.0,0.0
-,-,-,0.0,0.0,50.3274,-36.3647,-,FDSLSB76,-,0.0,0.0,-,0.0,0.0,0.0,0.0
-,-,-,0.0,0.0,50.8317,-36.3323,-,FDSLSB77,-,0.0,0.0,-,0.0,0.0,0.0,0.0
-,-,-,0.0,0.0,51.4506,-36.7888,-,FDSLSB78,-,0.0,0.0,-,0.0,0.0,0.0,0.0
-,-,-,0.0,0.0,50.7483,-36.7659,-,FDSLSB79,-,0.0,0.0,-,0.0,0.0,0.0,0.0
-,-,-,0.0,0.0,50.5114,-36.2942,-,FDSLSB80,-,0.0,0.0,-,0.0,0.0,0.0,0.0
-,-,-,0.0,0.0,51.3378,-36.6807,-,FDSLSB81,-,0.0,0.0,-,0.0,0.0,0.0,0.0
-,-,-,0.0,0.0,51.8952,-33.2916,-,FDSLSB82,-,0.0,0.0,-,0.0,0.0,0.0,0.0
-,-,-,0.0,0.0,51.7036,-33.6964,-,FDSLSB83,-,0.0,0.0,-,0.0,0.0,0.0,0.0
-,-,-,0.0,0.0,52.427,-33.1533,-,FDSLSB84,-,0.0,0.0,-,0.0,0.0,0.0,0.0
-,-,-,0.0,0.0,54.6608,-37.3551,-,FDSLSB86,-,0.0,0.0,-,0.0,0.0,0.0,0.0
-,-,-,0.0,0.0,52.4294,-37.0699,-,FDSLSB87,-,0.0,0.0,-,0.0,0.0,0.0,0.0
-,-,-,0.0,0.0,52.5748,-37.206,-,FDSLSB88,-,0.0,0.0,-,0.0,0.0,0.0,0.0
-,-,-,0.0,0.0,51.9759,-37.5268,-,FDSLSB89,-,0.0,0.0,-,0.0,0.0,0.0,0.0
-,-,-,0.0,0.0,52.7242,-37.6584,-,FDSLSB90,-,0.0,0.0,-,0.0,0.0,0.0,0.0
-,-,-,0.0,0.0,51.7981,-37.4906,-,FDSLSB92,-,0.0,0.0,-,0.0,0.0,0.0,0.0
-,-,-,0.0,0.0,53.042,-34.265,-,FDSLSB94,-,0.0,0.0,-,0.0,0.0,0.0,0.0
-,-,-,0.0,0.0,53.6202,-34.4403,-,FDSLSB98,-,0.0,0.0,-,0.0,0.0,0.0,0.0
-,-,-,0.0,0.0,53.95,-34.6997,-,FDSLSB102,-,0.0,0.0,-,0.0,0.0,0.0,0.0
-,-,-,0.0,0.0,57.0408,-37.5259,-,FDSLSB103,-,0.0,0.0,-,0.0,0.0,0.0,0.0
-,-,-,0.0,0.0,57.3918,-37.4947,-,FDSLSB104,-,0.0,0.0,-,0.0,0.0,0.0,0.0
-,-,-,0.0,0.0,56.8123,-37.365,-,FDSLSB105,-,0.0,0.0,-,0.0,0.0,0.0,0.0
-,-,-,0.0,0.0,56.4795,-37.181,-,FDSLSB106,-,0.0,0.0,-,0.0,0.0,0.0,0.0
-,-,-,0.0,0.0,53.6081,-37.4844,-,FDSLSB107,-,0.0,0.0,-,0.0,0.0,0.0,0.0
-,-,-,0.0,0.0,53.8799,-37.0395,-,FDSLSB109,-,0.0,0.0,-,0.0,0.0,0.0,0.0
-,-,-,0.0,0.0,53.7147,-36.9777,-,FDSLSB110,-,0.0,0.0,-,0.0,0.0,0.0,0.0
-,-,-,0.0,0.0,53.4324,-37.1163,-,FDSLSB111,-,0.0,0.0,-,0.0,0.0,0.0,0.0
-,-,-,0.0,0.0,53.7615,-37.9078,-,FDSLSB112,-,0.0,0.0,-,0.0,0.0,0.0,0.0
-,-,-,0.0,0.0,55.5294,-34.5646,-,FDSLSB113,-,0.0,0.0,-,0.0,0.0,0.0,0.0
-,-,-,0.0,0.0,55.6718,-34.6799,-,FDSLSB114,-,0.0,0.0,-,0.0,0.0,0.0,0.0
-,-,-,0.0,0.0,56.4555,-34.4325,-,FDSLSB115,-,0.0,0.0,-,0.0,0.0,0.0,0.0
-,-,-,0.0,0.0,55.6079,-34.335,-,FDSLSB116,-,0.0,0.0,-,0.0,0.0,0.0,0.0
-,-,-,0.0,0.0,55.3953,-34.3258,-,FDSLSB119,-,0.0,0.0,-,0.0,0.0,0.0,0.0
-,-,-,0.0,0.0,56.4226,-33.9961,-,FDSLSB120,-,0.0,0.0,-,0.0,0.0,0.0,0.0
-,-,-,0.0,0.0,56.3071,-34.5639,-,FDSLSB123,-,0.0,0.0,-,0.0,0.0,0.0,0.0
-,-,-,0.0,0.0,55.7328,-34.2253,-,FDSLSB124,-,0.0,0.0,-,0.0,0.0,0.0,0.0
-,-,-,0.0,0.0,55.9068,-34.7768,-,FDSLSB126,-,0.0,0.0,-,0.0,0.0,0.0,0.0
-,-,-,0.0,0.0,55.4163,-34.3223,-,FDSLSB127,-,0.0,0.0,-,0.0,0.0,0.0,0.0
-,-,-,0.0,0.0,55.6863,-34.5956,-,FDSLSB130,-,0.0,0.0,-,0.0,0.0,0.0,0.0
-,-,-,0.0,0.0,56.2053,-34.5313,-,FDSLSB131,-,0.0,0.0,-,0.0,0.0,0.0,0.0
-,-,-,0.0,0.0,55.8359,-34.2107,-,FDSLSB132,-,0.0,0.0,-,0.0,0.0,0.0,0.0
-,-,-,0.0,0.0,56.2334,-34.2963,-,FDSLSB133,-,0.0,0.0,-,0.0,0.0,0.0,0.0
-,-,-,0.0,0.0,54.446,-33.4367,-,FDSLSB134,-,0.0,0.0,-,0.0,0.0,0.0,0.0
-,-,-,0.0,0.0,54.8153,-33.918,-,FDSLSB135,-,0.0,0.0,-,0.0,0.0,0.0,0.0
-,-,-,0.0,0.0,55.1504,-33.8045,-,FDSLSB137,-,0.0,0.0,-,0.0,0.0,0.0,0.0
-,-,-,0.0,0.0,54.9325,-33.7768,-,FDSLSB138,-,0.0,0.0,-,0.0,0.0,0.0,0.0
-,-,-,0.0,0.0,54.8873,-33.1938,-,FDSLSB139,-,0.0,0.0,-,0.0,0.0,0.0,0.0
-,-,-,0.0,0.0,54.1041,-33.7279,-,FDSLSB141,-,0.0,0.0,-,0.0,0.0,0.0,0.0
-,-,-,0.0,0.0,54.9394,-33.1648,-,FDSLSB142,-,0.0,0.0,-,0.0,0.0,0.0,0.0
-,-,-,0.0,0.0,54.8474,-33.66,-,FDSLSB144,-,0.0,0.0,-,0.0,0.0,0.0,0.0
-,-,-,0.0,0.0,53.6502,-33.7073,-,FDSLSB146,-,0.0,0.0,-,0.0,0.0,0.0,0.0
-,-,-,0.0,0.0,53.5915,-33.758,-,FDSLSB148,-,0.0,0.0,-,0.0,0.0,0.0,0.0
-,-,-,0.0,0.0,53.8811,-33.24,-,FDSLSB149,-,0.0,0.0,-,0.0,0.0,0.0,0.0
-,-,-,0.0,0.0,53.7623,-33.6911,-,FDSLSB151,-,0.0,0.0,-,0.0,0.0,0.0,0.0
-,-,-,0.0,0.0,54.9274,-34.2764,-,FDSLSB152,-,0.0,0.0,-,0.0,0.0,0.0,0.0
-,-,-,0.0,0.0,54.5553,-34.7763,-,FDSLSB153,-,0.0,0.0,-,0.0,0.0,0.0,0.0
-,-,-,0.0,0.0,54.1914,-34.4138,-,FDSLSB154,-,0.0,0.0,-,0.0,0.0,0.0,0.0
-,-,-,0.0,0.0,54.3574,-34.3708,-,FDSLSB155,-,0.0,0.0,-,0.0,0.0,0.0,0.0
-,-,-,0.0,0.0,54.6988,-34.5563,-,FDSLSB156,-,0.0,0.0,-,0.0,0.0,0.0,0.0
-,-,-,0.0,0.0,54.6617,-34.2846,-,FDSLSB157,-,0.0,0.0,-,0.0,0.0,0.0,0.0
-,-,-,0.0,0.0,54.6512,-34.5335,-,FDSLSB158,-,0.0,0.0,-,0.0,0.0,0.0,0.0
-,-,-,0.0,0.0,54.5196,-34.383,-,FDSLSB161,-,0.0,0.0,-,0.0,0.0,0.0,0.0
-,-,-,0.0,0.0,54.0734,-34.3187,-,FDSLSB163,-,0.0,0.0,-,0.0,0.0,0.0,0.0
-,-,-,0.0,0.0,55.1751,-34.1209,-,FDSLSB165,-,0.0,0.0,-,0.0,0.0,0.0,0.0
-,-,-,0.0,0.0,54.8934,-34.0901,-,FDSLSB168,-,0.0,0.0,-,0.0,0.0,0.0,0.0
-,-,-,0.0,0.0,54.5274,-34.415,-,FDSLSB171,-,0.0,0.0,-,0.0,0.0,0.0,0.0
-,-,-,0.0,0.0,54.1924,-34.7949,-,FDSLSB172,-,0.0,0.0,-,0.0,0.0,0.0,0.0
-,-,-,0.0,0.0,50.8385,-37.1134,-,FDSLSB173,-,0.0,0.0,-,0.0,0.0,0.0,0.0
-,-,-,0.0,0.0,50.7553,-37.4212,-,FDSLSB174,-,0.0,0.0,-,0.0,0.0,0.0,0.0
-,-,-,0.0,0.0,50.5267,-37.5427,-,FDSLSB175,-,0.0,0.0,-,0.0,0.0,0.0,0.0
-,-,-,0.0,0.0,51.2619,-37.0043,-,FDSLSB176,-,0.0,0.0,-,0.0,0.0,0.0,0.0
-,-,-,0.0,0.0,50.4838,-37.6262,-,FDSLSB177,-,0.0,0.0,-,0.0,0.0,0.0,0.0
-,-,-,0.0,0.0,50.9157,-37.0949,-,FDSLSB178,-,0.0,0.0,-,0.0,0.0,0.0,0.0
-,-,-,0.0,0.0,51.5189,-37.1087,-,FDSLSB179,-,0.0,0.0,-,0.0,0.0,0.0,0.0
-,-,-,0.0,0.0,52.5645,-34.4251,-,FDSLSB180,-,0.0,0.0,-,0.0,0.0,0.0,0.0
-,-,-,0.0,0.0,52.1851,-34.0664,-,FDSLSB181,-,0.0,0.0,-,0.0,0.0,0.0,0.0
-,-,-,0.0,0.0,51.7101,-34.0405,-,FDSLSB185,-,0.0,0.0,-,0.0,0.0,0.0,0.0
-,-,-,0.0,0.0,51.6453,-34.4981,-,FDSLSB186,-,0.0,0.0,-,0.0,0.0,0.0,0.0
-,-,-,0.0,0.0,51.7205,-36.0858,-,FDSLSB187,-,0.0,0.0,-,0.0,0.0,0.0,0.0
-,-,-,0.0,0.0,52.0379,-36.9367,-,FDSLSB189,-,0.0,0.0,-,0.0,0.0,0.0,0.0
-,-,-,0.0,0.0,51.7612,-36.0912,-,FDSLSB190,-,0.0,0.0,-,0.0,0.0,0.0,0.0
-,-,-,0.0,0.0,51.9483,-36.8,-,FDSLSB191,-,0.0,0.0,-,0.0,0.0,0.0,0.0
-,-,-,0.0,0.0,52.7521,-35.5127,-,FDSLSB194,-,0.0,0.0,-,0.0,0.0,0.0,0.0
-,-,-,0.0,0.0,51.9203,-35.026,-,FDSLSB195,-,0.0,0.0,-,0.0,0.0,0.0,0.0
-,-,-,0.0,0.0,51.8255,-34.9959,-,FDSLSB196,-,0.0,0.0,-,0.0,0.0,0.0,0.0
-,-,-,0.0,0.0,51.6527,-35.0265,-,FDSLSB197,-,0.0,0.0,-,0.0,0.0,0.0,0.0
-,-,-,0.0,0.0,51.9623,-35.04,-,FDSLSB198,-,0.0,0.0,-,0.0,0.0,0.0,0.0
-,-,-,0.0,0.0,51.6682,-35.1853,-,FDSLSB199,-,0.0,0.0,-,0.0,0.0,0.0,0.0
-,-,-,0.0,0.0,51.6471,-35.1005,-,FDSLSB200,-,0.0,0.0,-,0.0,0.0,0.0,0.0
-,-,-,0.0,0.0,51.6391,-35.1544,-,FDSLSB201,-,0.0,0.0,-,0.0,0.0,0.0,0.0
-,-,-,0.0,0.0,51.7765,-35.0054,-,FDSLSB202,-,0.0,0.0,-,0.0,0.0,0.0,0.0
-,-,-,0.0,0.0,56.7047,-34.7795,-,FDSLSB207,-,0.0,0.0,-,0.0,0.0,0.0,0.0
-,-,-,0.0,0.0,56.6831,-34.3944,-,FDSLSB208,-,0.0,0.0,-,0.0,0.0,0.0,0.0
-,-,-,0.0,0.0,57.6524,-34.8997,-,FDSLSB209,-,0.0,0.0,-,0.0,0.0,0.0,0.0
-,-,-,0.0,0.0,56.5458,-34.3528,-,FDSLSB210,-,0.0,0.0,-,0.0,0.0,0.0,0.0
-,-,-,0.0,0.0,55.2134,-35.1481,-,FDSLSB214,-,0.0,0.0,-,0.0,0.0,0.0,0.0
-,-,-,0.0,0.0,55.189,-35.5021,-,FDSLSB215,-,0.0,0.0,-,0.0,0.0,0.0,0.0
-,-,-,0.0,0.0,54.8996,-35.2981,-,FDSLSB224,-,0.0,0.0,-,0.0,0.0,0.0,0.0
-,-,-,0.0,0.0,54.3629,-35.3058,-,FDSLSB231,-,0.0,0.0,-,0.0,0.0,0.0,0.0
-,-,-,0.0,0.0,54.5171,-35.2822,-,FDSLSB234,-,0.0,0.0,-,0.0,0.0,0.0,0.0
-,-,-,0.0,0.0,52.9489,-36.3478,-,FDSLSB236,-,0.0,0.0,-,0.0,0.0,0.0,0.0
-,-,-,0.0,0.0,53.343,-36.0801,-,FDSLSB239,-,0.0,0.0,-,0.0,0.0,0.0,0.0
-,-,-,0.0,0.0,53.9198,-36.7436,-,FDSLSB242,-,0.0,0.0,-,0.0,0.0,0.0,0.0
-,-,-,0.0,0.0,53.4932,-36.0942,-,FDSLSB246,-,0.0,0.0,-,0.0,0.0,0.0,0.0
-,-,-,0.0,0.0,53.9987,-36.5739,-,FDSLSB247,-,0.0,0.0,-,0.0,0.0,0.0,0.0
-,-,-,0.0,0.0,53.4285,-36.0248,-,FDSLSB248,-,0.0,0.0,-,0.0,0.0,0.0,0.0
-,-,-,0.0,0.0,54.034,-36.2891,-,FDSLSB257,-,0.0,0.0,-,0.0,0.0,0.0,0.0
-,-,-,0.0,0.0,55.0864,-36.7496,-,FDSLSB261,-,0.0,0.0,-,0.0,0.0,0.0,0.0
-,-,-,0.0,0.0,54.8491,-36.9491,-,FDSLSB264,-,0.0,0.0,-,0.0,0.0,0.0,0.0
-,-,-,0.0,0.0,54.3615,-36.7165,-,FDSLSB265,-,0.0,0.0,-,0.0,0.0,0.0,0.0
